brand_name,url
0426X,https://www.etcseoul.com/product/list.html?cate_no=1219
11 by BORIS BIDJAN SABERI,https://www.etcseoul.com/product/list.html?cate_no=1016
4T2,https://www.etcseoul.com/product/list.html?cate_no=1759
810S,https://www.etcseoul.com/product/list.html?cate_no=1411
AMIACALVA,https://www.etcseoul.com/product/list.html?cate_no=459
ANATOMICA,https://www.etcseoul.com/product/list.html?cate_no=1609
ANCELLM,https://www.etcseoul.com/product/list.html?cate_no=1541
ANDERSEN-ANDERSEN,https://www.etcseoul.com/product/list.html?cate_no=662
AND WANDER,https://www.etcseoul.com/product/list.html?cate_no=1412
APOPHENIAN,https://www.etcseoul.com/product/list.html?cate_no=1497
ARC'TERYX,https://www.etcseoul.com/product/list.html?cate_no=1088
ARIES,https://www.etcseoul.com/product/list.html?cate_no=1059
Art if acts,https://www.etcseoul.com/product/list.html?cate_no=686
ASICS,https://www.etcseoul.com/product/list.html?cate_no=931
ASTORFLEX,https://www.etcseoul.com/product/list.html?cate_no=1094
ATOMIC138,https://www.etcseoul.com/product/list.html?cate_no=454
AVIVA JIFEI XUE,https://www.etcseoul.com/product/list.html?cate_no=1795
A VONTADE,https://www.etcseoul.com/product/list.html?cate_no=1824
BARBOUR,https://www.etcseoul.com/product/list.html?cate_no=1100
BATONER,https://www.etcseoul.com/product/list.html?cate_no=1662
BENCH,https://www.etcseoul.com/product/list.html?cate_no=1465
BIG YANK,https://www.etcseoul.com/product/list.html?cate_no=1732
BLEACH ART,https://www.etcseoul.com/product/list.html?cate_no=377
BLIND BARBER,https://www.etcseoul.com/product/list.html?cate_no=1663
BONUM,https://www.etcseoul.com/product/list.html?cate_no=525
CABLEAMI,https://www.etcseoul.com/product/list.html?cate_no=1062
CAMISAS MANOLO,https://www.etcseoul.com/product/list.html?cate_no=1771
CANTATE,https://www.etcseoul.com/product/list.html?cate_no=1807
CASIO,https://www.etcseoul.com/product/list.html?cate_no=989
CAYL,https://www.etcseoul.com/product/list.html?cate_no=1155
CIOTA,https://www.etcseoul.com/product/list.html?cate_no=1549
CMF OUTDOOR GARMENT,https://www.etcseoul.com/product/list.html?cate_no=1664
CONFECT,https://www.etcseoul.com/product/list.html?cate_no=1586
CORRIDOR,https://www.etcseoul.com/product/list.html?cate_no=1665
COTTLE,https://www.etcseoul.com/product/list.html?cate_no=1666
CRAP EYEWEAR,https://www.etcseoul.com/product/list.html?cate_no=1516
CRESCENT DOWN WORKS,https://www.etcseoul.com/product/list.html?cate_no=1706
CRISTASEYA,https://www.etcseoul.com/product/list.html?cate_no=1678
DECHO,https://www.etcseoul.com/product/list.html?cate_no=1667
DER SAMMLER SOLO,https://www.etcseoul.com/product/list.html?cate_no=1658
ÉÉ,https://www.etcseoul.com/product/list.html?cate_no=1499
EEL,https://www.etcseoul.com/product/list.html?cate_no=1550
ESK VALLEY KNITWEAR,https://www.etcseoul.com/product/list.html?cate_no=1157
EXENTRI,https://www.etcseoul.com/product/list.html?cate_no=328
FM PARIS,https://www.etcseoul.com/product/list.html?cate_no=1773
FARAH,https://www.etcseoul.com/product/list.html?cate_no=1603
FLEA-T,https://www.etcseoul.com/product/list.html?cate_no=1710
FUNNI,https://www.etcseoul.com/product/list.html?cate_no=1642
GOLDWIN,https://www.etcseoul.com/product/list.html?cate_no=1668
GOOPiMADE,https://www.etcseoul.com/product/list.html?cate_no=1547
GR10K,https://www.etcseoul.com/product/list.html?cate_no=1669
GRAMICCI,https://www.etcseoul.com/product/list.html?cate_no=1158
GS/TP,https://www.etcseoul.com/product/list.html?cate_no=1741
GUIDI,https://www.etcseoul.com/product/list.html?cate_no=1670
HARVESTY,https://www.etcseoul.com/product/list.html?cate_no=979
HELLDORADO,https://www.etcseoul.com/product/list.html?cate_no=820
HEUGN,https://www.etcseoul.com/product/list.html?cate_no=1802
HOMLY,https://www.etcseoul.com/product/list.html?cate_no=1424
HOWLIN,https://www.etcseoul.com/product/list.html?cate_no=1112
INNAT,https://www.etcseoul.com/product/list.html?cate_no=1593
ISSUETHINGS,https://www.etcseoul.com/product/list.html?cate_no=1691
JANSPORT,https://www.etcseoul.com/product/list.html?cate_no=1570
J.L_A.L,https://www.etcseoul.com/product/list.html?cate_no=1671
JOSEPHT,https://www.etcseoul.com/product/list.html?cate_no=791
JUGEM,https://www.etcseoul.com/product/list.html?cate_no=1672
KALEG,https://www.etcseoul.com/product/list.html?cate_no=1543
KANEITEI,https://www.etcseoul.com/product/list.html?cate_no=794
KANEMASA PHIL,https://www.etcseoul.com/product/list.html?cate_no=1576
KEEN,https://www.etcseoul.com/product/list.html?cate_no=1443
KIJUN,https://www.etcseoul.com/product/list.html?cate_no=1472
KLUANE MOUNTAINEERING,https://www.etcseoul.com/product/list.html?cate_no=1673
KNOCKERS HAND,https://www.etcseoul.com/product/list.html?cate_no=653
LEUCHTFEUER STRICKWAREN,https://www.etcseoul.com/product/list.html?cate_no=482
LIBERAIDERS,https://www.etcseoul.com/product/list.html?cate_no=1585
LIGHTNING,https://www.etcseoul.com/product/list.html?cate_no=1685
MARTIN FAIZEY,https://www.etcseoul.com/product/list.html?cate_no=586
MaTeS,https://www.etcseoul.com/product/list.html?cate_no=1792
MERRELL,https://www.etcseoul.com/product/list.html?cate_no=1436
MFPEN,https://www.etcseoul.com/product/list.html?cate_no=1249
MIZUNO,https://www.etcseoul.com/product/list.html?cate_no=1791
MONTMARTRE NEWYORK,https://www.etcseoul.com/product/list.html?cate_no=1746
MOONSTAR,https://www.etcseoul.com/product/list.html?cate_no=1060
MOUNTAIN RESERCH,https://www.etcseoul.com/product/list.html?cate_no=1810
NANAMICA,https://www.etcseoul.com/product/list.html?cate_no=1797
NANGA,https://www.etcseoul.com/product/list.html?cate_no=1661
NEWBERRY KNITTING,https://www.etcseoul.com/product/list.html?cate_no=731
NORTH WORKS,https://www.etcseoul.com/product/list.html?cate_no=354
OAKLEY,https://www.etcseoul.com/product/list.html?cate_no=1577
OAS,https://www.etcseoul.com/product/list.html?cate_no=1515
OLD JOE,https://www.etcseoul.com/product/list.html?cate_no=1803
ONE OF THESE DAYS,https://www.etcseoul.com/product/list.html?cate_no=1697
ORDINARY FITS,https://www.etcseoul.com/product/list.html?cate_no=266
ORGUEIL,https://www.etcseoul.com/product/list.html?cate_no=1619
ORSLOW,https://www.etcseoul.com/product/list.html?cate_no=1595
OURSELVES,https://www.etcseoul.com/product/list.html?cate_no=1406
OUTIL,https://www.etcseoul.com/product/list.html?cate_no=1804
PAES,https://www.etcseoul.com/product/list.html?cate_no=1357
PENNEYS,https://www.etcseoul.com/product/list.html?cate_no=1722
POST O'ALLS,https://www.etcseoul.com/product/list.html?cate_no=1811
PUEBCO,https://www.etcseoul.com/product/list.html?cate_no=1573
RANRA,https://www.etcseoul.com/product/list.html?cate_no=1674
REMI RELIEF,https://www.etcseoul.com/product/list.html?cate_no=1806
REPRODUCTION OF FOUND,https://www.etcseoul.com/product/list.html?cate_no=750
RESOLUTE,https://www.etcseoul.com/product/list.html?cate_no=612
RESURRECTION,https://www.etcseoul.com/product/list.html?cate_no=1690
ROA,https://www.etcseoul.com/product/list.html?cate_no=1527
ROCKY MOUNTAIN FEATHERBED,https://www.etcseoul.com/product/list.html?cate_no=1677
ROUGH SIDE,https://www.etcseoul.com/product/list.html?cate_no=1407
SALOMON,https://www.etcseoul.com/product/list.html?cate_no=917
SATISFY,https://www.etcseoul.com/product/list.html?cate_no=1734
SCARPA,https://www.etcseoul.com/product/list.html?cate_no=1608
SEUVAS,https://www.etcseoul.com/product/list.html?cate_no=1760
SHIRTER,https://www.etcseoul.com/product/list.html?cate_no=1150
SLEEPY JONES,https://www.etcseoul.com/product/list.html?cate_no=1816
SLOW&CO,https://www.etcseoul.com/product/list.html?cate_no=1552
SOE READY TO WEAR,https://www.etcseoul.com/product/list.html?cate_no=1578
STEVE MONO,https://www.etcseoul.com/product/list.html?cate_no=1086
STILL BY HAND,https://www.etcseoul.com/product/list.html?cate_no=980
STORY CRAFTS CO.,https://www.etcseoul.com/product/list.html?cate_no=1471
STUDIO D'ARTISAN,https://www.etcseoul.com/product/list.html?cate_no=1621
STUDIO NICHOLSON,https://www.etcseoul.com/product/list.html?cate_no=1002
SUBU,https://www.etcseoul.com/product/list.html?cate_no=1026
SUNFLOWER,https://www.etcseoul.com/product/list.html?cate_no=1441
SUNNY SPORTS,https://www.etcseoul.com/product/list.html?cate_no=1721
STANDARD TYPES,https://www.etcseoul.com/product/list.html?cate_no=1624
TAIGA TAKAHASHI,https://www.etcseoul.com/product/list.html?cate_no=1679
TAION,https://www.etcseoul.com/product/list.html?cate_no=1010
TEMBEA,https://www.etcseoul.com/product/list.html?cate_no=1152
THRIFTY LOOK,https://www.etcseoul.com/product/list.html?cate_no=1724
TODAY EDITION,https://www.etcseoul.com/product/list.html?cate_no=1546
TONYWACK,https://www.etcseoul.com/product/list.html?cate_no=413
TOWN CRAFT,https://www.etcseoul.com/product/list.html?cate_no=1723
TS(S),https://www.etcseoul.com/product/list.html?cate_no=1726
UNIVERSAL WORKS,https://www.etcseoul.com/product/list.html?cate_no=1548
USAGE,https://www.etcseoul.com/product/list.html?cate_no=1083
VANS,https://www.etcseoul.com/product/list.html?cate_no=1439
WAIPER,https://www.etcseoul.com/product/list.html?cate_no=1542
WILD BRICKS,https://www.etcseoul.com/product/list.html?cate_no=470
WILD DONKEY,https://www.etcseoul.com/product/list.html?cate_no=1156
WOOLRICH,https://www.etcseoul.com/product/list.html?cate_no=1675
YAHAE,https://www.etcseoul.com/product/list.html?cate_no=1604
YANKSHIRE,https://www.etcseoul.com/product/list.html?cate_no=1733
YLEVE,https://www.etcseoul.com/product/list.html?cate_no=1676
YOUCHE PRET A PORTER,https://www.etcseoul.com/product/list.html?cate_no=1461
YOU NEED GARMENTS,https://www.etcseoul.com/product/list.html?cate_no=475
